{"cameraMode":{"drawMode":0,"name":"Shaded","section":"Shading Mode"},"sceneLighting":true,"audioPlay":false,"sceneViewState":{"m_AlwaysRefresh":false,"showFog":true,"showSkybox":true,"showFlares":true,"showImageEffects":true,"showParticleSystems":true,"showVisualEffectGraphs":true,"m_FxEnabled":true},"in2DMode":false,"pivot":{"x":10.704549789428711,"y":31.123886108398439,"z":72.76488494873047},"rotation":{"x":0.1469750553369522,"y":-0.09421362727880478,"z":-0.014065873809158802,"w":-0.9845311045646668},"size":40.86491012573242,"orthographic":false}